age,FL_count,US_count,FL_share,US_share
0 to 9,2238153,38672058,0.102756524,0.116519394
10 to 19,2536433,43645580,0.116450948,0.131504678
20 to 29,2556820,43483096,0.117386942,0.131015111
30 to 39,2784558,45350083,0.12784269,0.136640367
40 to 49,2683200,41144488,0.123189212,0.123968856
50 to 59,2873162,42032544,0.131910615,0.12664458
60 to 69,2861157,40025667,0.13135945,0.120597835
70 to 79,2142395,25299187,0.098360149,0.076226766
80+,1105250,12241042,0.050743469,0.036882412